timestamp,active_power_kw,current_avg,voltage_ll_avg,power_factor,reactive_power_kvar,anomaly_score,severity
2025-12-19 11:00:00,1.7,2.358,445.044,-0.953,0.131,-0.10163835710624214,🟡 Minor
2025-12-19 11:45:00,1.542,2.078,445.124,-0.962,0.008,-0.09341284783985626,🟡 Minor
2025-12-19 15:15:00,1.346,1.915,429.783,-0.95,0.045,-0.07637335960027725,🟡 Minor
2025-12-21 14:30:00,0.389,0.554,434.586,-0.944,-0.127,-0.04865440840630908,🟡 Minor
2025-12-21 14:45:00,0.117,0.167,432.493,-0.984,0.03,-0.09040279484387848,🟡 Minor
2025-12-21 15:00:00,0.209,0.287,425.617,-0.989,0.017,-0.07950393237891884,🟡 Minor
2025-12-22 16:00:00,1.873,2.796,416.579,-0.919,-0.115,-0.08130452865971816,🟡 Minor
2025-12-24 15:45:00,1.814,3.689,422.077,-0.929,-0.241,-0.0689140241647539,🟡 Minor
2025-12-27 18:15:00,0.895,1.191,425.243,-0.98,-0.079,-0.04954240061496895,🟡 Minor
2025-12-29 19:15:00,1.402,1.885,425.098,-0.984,-0.239,-0.048904273150773614,🟡 Minor
2025-12-29 19:30:00,1.592,1.952,427.447,-0.982,0.05,-0.06908260469292471,🟡 Minor
2025-12-30 15:15:00,3.132,4.917,420.846,-0.79,-0.426,-0.10441158716336818,🟡 Minor
2025-12-30 15:30:00,3.196,4.326,418.96,0.894,1.973,-0.018641223884025337,🟡 Minor
2025-12-31 13:45:00,0.541,1.487,435.984,-0.773,-0.348,-0.044656114287207394,🟡 Minor
2025-12-31 15:00:00,1.24,2.167,428.354,-0.767,-0.156,-0.03377089401109945,🟡 Minor
2026-01-03 15:45:00,1.178,2.268,417.755,-0.825,-0.201,-0.06052447907072267,🟡 Minor
2026-01-05 10:15:00,3.757,4.676,416.796,0.939,-0.335,-0.015838547886599774,🟡 Minor
2026-01-05 10:30:00,3.966,6.271,420.079,0.925,-0.316,-0.04045528277049937,🟡 Minor
2026-01-05 10:45:00,3.21,4.749,422.631,-0.935,-0.287,-0.11640514947334413,🟡 Minor
2026-01-05 11:00:00,3.439,4.823,421.718,0.937,0.078,-0.012688464853416237,🟡 Minor
2026-01-05 11:15:00,4.053,4.984,430.539,0.939,-0.033,-0.023694224371831996,🟡 Minor
2026-01-05 11:30:00,4.169,6.12,432.849,0.936,-0.417,-0.02642879695763234,🟡 Minor
2026-01-05 12:15:00,3.936,5.652,436.351,0.978,-0.704,-0.004409004276734185,🟡 Minor
2026-01-05 15:30:00,2.727,3.762,433.214,-0.974,-0.319,-0.07689859904303964,🟡 Minor
2026-01-05 15:45:00,4.923,3.763,430.682,0.964,1.013,-0.057066061516110156,🟡 Minor
2026-01-06 10:30:00,1.675,2.601,433.869,-0.859,-0.273,-0.04816930284601695,🟡 Minor
2026-01-06 10:45:00,1.883,2.654,433.511,-0.858,0.099,-0.06821079404247476,🟡 Minor
2026-01-06 11:45:00,1.976,2.877,441.467,-0.854,-0.611,-0.059683985181682386,🟡 Minor
2026-01-07 13:45:00,1.58,2.149,449.247,-0.96,-0.262,-0.09317307872116787,🟡 Minor
2026-01-09 17:45:00,2.431,3.06,434.127,-0.968,-0.013,-0.0940523040480421,🟡 Minor
2026-01-10 17:45:00,0.525,0.767,432.674,-0.942,-0.102,-0.05477951176933815,🟡 Minor
2026-01-11 05:00:00,0.482,1.171,423.316,-0.972,-0.092,-0.0695341666047622,🟡 Minor
2026-01-11 05:15:00,0.151,0.71,421.7,-0.973,0.022,-0.08971187182342033,🟡 Minor
2026-01-11 05:30:00,0.151,0.212,421.251,-0.975,0.022,-0.08418781652995722,🟡 Minor
2026-01-11 05:45:00,0.151,0.212,419.124,-0.98,0.023,-0.08170655441099928,🟡 Minor
2026-01-11 06:00:00,0.151,0.212,416.304,-0.979,0.022,-0.08418182067401803,🟡 Minor
2026-01-11 06:15:00,0.151,0.213,412.81,-0.984,0.018,-0.08865672487239884,🟡 Minor
2026-01-11 06:30:00,0.151,0.214,422.488,-0.972,0.021,-0.08464047986665046,🟡 Minor
2026-01-11 06:45:00,0.151,0.214,422.392,-0.969,0.023,-0.08464047986665046,🟡 Minor
2026-01-11 07:00:00,0.151,0.212,419.374,-0.976,0.021,-0.08170655441099928,🟡 Minor
2026-01-11 07:15:00,0.151,0.212,416.458,-0.978,0.021,-0.08418182067401803,🟡 Minor
2026-01-11 07:30:00,0.151,0.213,414.477,-0.977,0.018,-0.0871457394684273,🟡 Minor
2026-01-11 07:45:00,0.15,0.213,414.486,-0.982,0.019,-0.0871457394684273,🟡 Minor
2026-01-11 08:00:00,0.151,0.214,422.712,-0.976,0.017,-0.08509344957279374,🟡 Minor
2026-01-11 08:15:00,0.151,0.214,419.215,-0.979,0.021,-0.08170655441099928,🟡 Minor
2026-01-11 08:30:00,0.151,0.212,424.177,-0.978,0.018,-0.08209149201314114,🟡 Minor
2026-01-11 08:45:00,0.151,0.214,425.101,-0.974,0.019,-0.0796993913567533,🟡 Minor
2026-01-11 09:00:00,0.151,0.211,427.485,-0.982,0.022,-0.0782540917998541,🟡 Minor
2026-01-11 09:15:00,0.193,0.212,427.329,-0.984,0.016,-0.0782540917998541,🟡 Minor
2026-01-11 09:30:00,0.194,0.267,427.947,-0.986,0.015,-0.07744077510088243,🟡 Minor
2026-01-12 12:00:00,0.511,0.72,442.009,-0.907,-0.076,-0.06014620037653284,🟡 Minor
2026-01-12 12:15:00,0.784,0.748,438.475,-0.92,0.301,-0.09648439909329298,🟡 Minor
2026-01-12 17:45:00,0.26,0.429,429.501,-0.968,-0.086,-0.05088028916402543,🟡 Minor
2026-01-17 12:45:00,2.458,2.723,438.499,-0.992,-0.109,-0.09142924086814752,🟡 Minor
2026-01-18 18:00:00,0.526,0.697,430.841,-0.974,-0.14,-0.04925316824528325,🟡 Minor
2026-01-18 18:15:00,1.016,0.73,432.159,-0.973,0.168,-0.08177489673971106,🟡 Minor
2026-01-19 15:15:00,1.798,3.115,434.715,-0.83,-0.357,-0.03540393407184739,🟡 Minor
2026-01-21 14:45:00,4.974,5.606,434.108,0.927,-0.807,-0.017425140498517178,🟡 Minor
2026-01-21 15:00:00,4.377,6.9,431.846,0.933,-0.905,-0.039085740101616695,🟡 Minor
2026-01-21 15:15:00,4.534,6.326,435.165,0.924,-0.558,-0.02730904955283664,🟡 Minor
2026-01-22 15:00:00,4.091,5.521,435.682,0.823,-0.979,-0.013494864458601596,🟡 Minor
2026-01-24 14:45:00,4.495,5.847,445.06,0.914,-0.831,-0.04214793721191057,🟡 Minor
2026-01-24 15:00:00,4.664,6.435,443.065,0.913,-0.821,-0.047322212943619935,🟡 Minor
2026-01-24 15:15:00,4.929,6.567,442.795,0.93,-0.966,-0.06453442489593808,🟡 Minor
2026-01-24 15:30:00,5.212,7.1,442.504,0.921,-1.169,-0.07264403198975622,🟡 Minor
2026-01-24 15:45:00,5.143,7.299,439.269,0.927,-1.028,-0.06917901555033512,🟡 Minor
2026-01-24 16:00:00,4.722,7.366,436.503,0.901,-0.906,-0.04485908733463928,🟡 Minor
2026-01-24 16:30:00,4.049,4.922,442.166,0.932,-0.991,-0.03154103558784005,🟡 Minor
2026-01-27 15:15:00,2.537,3.796,436.377,-0.84,-0.744,-0.05987541942287733,🟡 Minor
2026-01-28 15:15:00,2.735,4.229,432.029,-0.797,-0.739,-0.06814390180988261,🟡 Minor
2026-01-28 15:30:00,4.096,4.567,433.454,0.863,1.641,-0.04920380004829994,🟡 Minor
2026-01-29 15:15:00,5.036,6.632,422.458,0.886,-1.14,-0.05982548194501214,🟡 Minor
2026-01-29 15:30:00,5.029,7.536,424.143,0.894,-1.158,-0.053547908566139335,🟡 Minor
2026-01-29 15:45:00,4.068,6.913,425.641,0.913,-1.036,-0.028041883451544125,🟡 Minor
2026-01-29 16:00:00,5.008,6.115,426.403,0.91,-1.049,-0.028836939194237465,🟡 Minor
2026-01-29 16:15:00,4.787,7.406,431.156,0.828,-1.183,-0.04809856956909708,🟡 Minor
2026-02-02 15:15:00,3.424,5.054,434.222,0.9,-1.311,-0.0019215609389058308,🟡 Minor
2026-02-02 16:45:00,3.471,5.172,426.865,0.928,-1.348,-0.0035907953434947126,🟡 Minor
2026-02-03 16:15:00,3.018,4.835,426.424,0.857,-1.426,-0.004939966797101403,🟡 Minor
2026-02-04 11:00:00,4.296,4.491,429.04,0.909,-1.266,-0.0031680273954307614,🟡 Minor
2026-02-04 11:15:00,3.793,6.277,430.84,0.901,-1.29,-0.012586149955060022,🟡 Minor
2026-02-04 11:30:00,3.714,5.602,431.606,0.904,-1.345,-0.009703500404960708,🟡 Minor
2026-02-04 11:45:00,3.711,5.483,433.537,0.902,-1.329,-0.015765761535859957,🟡 Minor
2026-02-04 12:00:00,3.667,5.504,431.98,0.895,-1.361,-0.010508275085844287,🟡 Minor
2026-02-04 12:15:00,3.462,5.408,433.512,0.963,-1.342,-0.02284682055873788,🟡 Minor
2026-02-04 14:45:00,3.141,0.38,429.316,0.867,-1.417,-0.01773537663432101,🟡 Minor
2026-02-04 15:00:00,3.139,4.731,433.967,0.878,-1.423,-0.0109243667373643,🟡 Minor
2026-02-04 15:15:00,3.382,4.85,430.34,0.871,-1.421,-0.010047687186869547,🟡 Minor
2026-02-04 15:30:00,3.341,5.115,426.77,0.882,-1.472,-0.012727997517704148,🟡 Minor
2026-02-04 15:45:00,3.266,5.124,426.592,0.883,-1.371,-0.0016926654980337075,🟡 Minor
2026-02-04 16:00:00,3.277,4.991,423.824,0.885,-1.377,-0.01343177887473379,🟡 Minor
2026-02-04 16:45:00,3.267,4.831,425.611,0.889,-1.416,-0.006516993010577177,🟡 Minor
2026-02-05 16:30:00,3.21,4.932,425.228,0.871,-1.36,-0.0031618875721549644,🟡 Minor
2026-02-06 05:45:00,0.613,0.872,427.825,-0.988,-0.103,-0.05137490171840742,🟡 Minor
2026-02-10 10:45:00,2.02,3.483,429.689,-0.766,-0.762,-0.04341612162629771,🟡 Minor
2026-02-10 11:30:00,2.234,3.709,432.393,-0.745,-0.697,-0.044160085294698614,🟡 Minor
2026-02-10 11:45:00,3.016,7.013,430.717,0.876,1.635,-0.036381054603540464,🟡 Minor
2026-02-10 16:00:00,1.433,2.553,421.227,-0.674,-0.723,-0.054854466911963606,🟡 Minor
2026-02-11 14:45:00,4.121,5.594,433.576,0.84,-1.069,-0.008036844255896902,🟡 Minor
2026-02-11 15:00:00,3.844,6.448,433.208,0.856,-1.034,-0.006202915928720354,🟡 Minor
2026-02-11 15:15:00,4.463,6.049,430.734,0.865,-1.022,-0.01840810339858656,🟡 Minor
2026-02-11 15:30:00,4.4,6.915,429.739,0.866,-0.768,-0.020428378798631797,🟡 Minor
2026-02-11 15:45:00,4.549,6.795,428.912,0.857,-1.012,-0.03315273022719012,🟡 Minor
2026-02-11 16:00:00,4.249,7.045,426.695,0.84,-0.885,-0.03176001633679015,🟡 Minor
2026-02-11 16:15:00,3.797,6.659,423.875,0.853,-0.999,-0.024785873113976953,🟡 Minor
2026-02-11 16:30:00,4.035,6.112,425.556,0.852,-1.027,-0.019573906173325772,🟡 Minor
2026-02-11 16:45:00,3.904,6.421,424.816,0.838,-0.921,-0.017719819573495332,🟡 Minor
2026-02-11 17:00:00,3.989,6.207,426.084,0.853,-1.067,-0.00974056107423571,🟡 Minor
2026-02-11 17:15:00,3.927,6.492,414.041,0.848,-1.025,-0.05273986958389387,🟡 Minor
2026-02-11 17:30:00,3.514,6.363,417.652,0.744,-0.83,-0.04501250248812849,🟡 Minor
2026-02-12 10:15:00,2.562,4.225,424.563,0.789,-1.346,-0.008146900440847316,🟡 Minor
2026-02-12 11:30:00,2.568,5.129,418.178,0.855,-1.08,-0.007716688803746763,🟡 Minor
2026-02-12 15:00:00,4.106,6.245,430.363,0.787,-1.056,-0.02512613203623093,🟡 Minor
2026-02-12 15:15:00,2.567,6.457,428.322,0.798,-0.983,-0.0030510941353252274,🟡 Minor
2026-02-13 15:00:00,4.359,6.911,427.541,0.908,-0.841,-0.03165083124552592,🟡 Minor
2026-02-13 15:15:00,4.594,6.456,427.131,0.899,-0.789,-0.019319387947223543,🟡 Minor
2026-02-13 15:30:00,4.246,6.806,421.552,0.904,-0.915,-0.055079968174135185,🟡 Minor
2026-02-13 15:45:00,4.38,6.415,422.334,0.913,-0.79,-0.03299803522698097,🟡 Minor
2026-02-13 16:00:00,4.822,6.634,418.919,0.911,-0.907,-0.06601221655109402,🟡 Minor
2026-02-13 16:15:00,4.816,7.192,420.722,0.901,-0.958,-0.06675350616354014,🟡 Minor
2026-02-13 16:30:00,4.29,7.239,421.419,0.903,-0.983,-0.05929498556348811,🟡 Minor
2026-02-13 16:45:00,4.598,6.503,424.005,0.855,-0.919,-0.044720358164964336,🟡 Minor
2026-02-16 10:00:00,3.816,4.186,424.491,0.792,-1.15,-0.00871260798102691,🟡 Minor
2026-02-16 10:15:00,3.849,6.322,423.536,0.803,-1.308,-0.04519580554208691,🟡 Minor
2026-02-16 10:30:00,4.41,6.566,424.741,0.814,-1.298,-0.05301325539969981,🟡 Minor
2026-02-16 10:45:00,4.678,7.412,427.216,0.849,-1.376,-0.044602209249898106,🟡 Minor
2026-02-16 11:00:00,3.939,7.72,429.595,0.849,-1.087,-0.025895934296657486,🟡 Minor
2026-02-16 11:15:00,3.852,6.228,430.364,0.842,-1.063,-0.005336299563421298,🟡 Minor
2026-02-17 09:30:00,4.71,1.669,414.094,0.86,-1.201,-0.04144994552490988,🟡 Minor
2026-02-17 09:45:00,5.393,7.262,416.85,0.866,-1.222,-0.0791937510507501,🟡 Minor
2026-02-17 10:00:00,5.87,8.685,418.645,0.843,-1.337,-0.10245040420071339,🟡 Minor
2026-02-17 10:15:00,5.348,9.171,418.749,0.803,-1.379,-0.10772177103362224,🟡 Minor
2026-02-17 10:30:00,5.176,8.67,423.041,0.835,-1.713,-0.10139761942066627,🟡 Minor
2026-02-17 10:45:00,5.625,8.823,422.828,0.811,-1.656,-0.11235223168939001,🟡 Minor
2026-02-17 11:00:00,5.036,9.217,422.735,0.815,-1.506,-0.10026746749982085,🟡 Minor
2026-02-17 11:15:00,4.854,8.444,424.396,0.808,-1.525,-0.08563867099889311,🟡 Minor
2026-02-17 11:30:00,4.691,8.096,425.753,0.815,-1.537,-0.07927984352207618,🟡 Minor
2026-02-17 11:45:00,4.787,7.851,424.365,0.851,-1.579,-0.07039465994783067,🟡 Minor
2026-02-17 12:00:00,5.326,7.919,425.297,0.841,-1.476,-0.07210385505049799,🟡 Minor
2026-02-17 12:15:00,4.92,8.388,425.8,0.844,-1.463,-0.07191835599681484,🟡 Minor
2026-02-17 12:30:00,4.701,7.879,428.52,0.757,-1.453,-0.0759685431326822,🟡 Minor
2026-02-17 12:45:00,2.16,7.488,432.213,0.917,-1.213,-0.01863929011570975,🟡 Minor
2026-02-17 14:45:00,5.86,5.329,429.355,0.844,-1.783,-0.07417640439512363,🟡 Minor
2026-02-17 15:00:00,6.075,9.119,427.616,0.865,-1.859,-0.10461299695063775,🟡 Minor
2026-02-17 15:15:00,6.538,9.639,425.904,0.849,-1.756,-0.11348984795652683,🟡 Minor
2026-02-17 15:30:00,6.246,10.152,423.323,0.847,-1.789,-0.12366280679615904,🟡 Minor
2026-02-17 15:45:00,6.071,9.925,421.846,0.828,-1.799,-0.12366280679615904,🟡 Minor
2026-02-17 16:00:00,5.461,9.715,419.843,0.83,-1.74,-0.11549249277428653,🟡 Minor
2026-02-17 16:15:00,5.357,8.932,422.315,0.828,-1.663,-0.10661934952625673,🟡 Minor
2026-02-17 16:30:00,4.612,8.777,425.064,0.822,-1.466,-0.08198045873326465,🟡 Minor
2026-02-17 16:45:00,4.13,7.206,420.552,0.845,-1.175,-0.04628343431403792,🟡 Minor
2026-02-17 17:00:00,3.97,6.774,422.838,0.85,-1.044,-0.03781700710518954,🟡 Minor
2026-02-17 17:15:00,4.155,6.414,427.134,0.846,-1.118,-0.016698372672905415,🟡 Minor
2026-02-17 17:30:00,3.907,6.675,422.871,0.85,-1.101,-0.03325809409510627,🟡 Minor
2026-02-18 14:45:00,3.27,5.614,428.018,0.802,-1.223,-0.007345900113670423,🟡 Minor
2026-02-18 15:00:00,3.391,5.501,427.075,0.832,-1.249,-0.004287479320400189,🟡 Minor
2026-02-18 15:15:00,4.102,5.671,426.38,0.821,-1.185,-0.013712325128335201,🟡 Minor
2026-02-18 15:30:00,3.933,6.649,425.773,0.823,-1.205,-0.03160426297880814,🟡 Minor
2026-02-18 15:45:00,3.842,6.458,424.287,0.828,-1.22,-0.028692632954646524,🟡 Minor
2026-02-18 16:00:00,3.89,6.306,423.737,0.825,-1.19,-0.031801667916914966,🟡 Minor
2026-02-18 16:15:00,3.233,6.368,425.344,0.786,-1.022,-0.022960543740527806,🟡 Minor
2026-02-19 09:30:00,2.496,0.269,419.864,0.784,-1.147,-0.0005756785838461065,🟡 Minor
2026-02-19 09:45:00,2.802,4.42,423.398,0.774,-1.348,-0.018021808178838916,🟡 Minor
2026-02-19 10:00:00,2.839,4.893,423.695,0.804,-1.401,-0.022082096606697132,🟡 Minor
2026-02-19 10:15:00,3.014,4.973,426.082,0.871,-1.388,-0.0009923604073728276,🟡 Minor
2026-02-19 10:30:00,4.697,5.078,426.865,0.883,-1.357,-0.024927673140138662,🟡 Minor
2026-02-19 10:45:00,4.97,7.282,427.301,0.884,-1.343,-0.04930025384868586,🟡 Minor
2026-02-19 11:00:00,5.19,7.603,428.053,0.889,-1.418,-0.05618468389583675,🟡 Minor
2026-02-19 11:15:00,5.287,7.925,428.65,0.879,-1.376,-0.05618468389583664,🟡 Minor
2026-02-19 11:30:00,5.154,8.007,430.104,0.879,-1.404,-0.059510910934920225,🟡 Minor
2026-02-19 11:45:00,5.118,7.879,430.252,0.885,-1.421,-0.06294187892974212,🟡 Minor
2026-02-19 12:00:00,5.184,7.808,431.081,0.886,-1.364,-0.06456792785300258,🟡 Minor
2026-02-19 12:15:00,5.272,7.845,432.426,0.91,-1.4,-0.07252250929667148,🟡 Minor
2026-02-19 12:30:00,5.261,7.961,432.645,0.896,-1.303,-0.057730088025088167,🟡 Minor
2026-02-19 12:45:00,3.35,7.712,437.026,0.76,-0.987,-0.036215143128620175,🟡 Minor
2026-02-19 13:00:00,1.368,5.044,438.361,0.673,-0.92,-0.01032737916902382,🟡 Minor
2026-02-19 16:00:00,3.121,4.59,421.79,0.755,-1.372,-0.034440234654279256,🟡 Minor
2026-02-19 16:15:00,2.589,5.453,424.702,0.794,-1.246,-0.01684641538736842,🟡 Minor
2026-02-19 16:30:00,3.677,4.677,425.555,0.813,-1.6,-0.04474810399248197,🟡 Minor
2026-02-19 16:45:00,3.712,6.255,428.008,0.8,-1.497,-0.04981669514055065,🟡 Minor
2026-02-19 17:00:00,3.764,6.138,427.286,0.822,-1.532,-0.038566346915784866,🟡 Minor
2026-02-20 15:15:00,4.642,6.272,430.294,0.902,-0.904,-0.01966713902113204,🟡 Minor
2026-02-20 15:30:00,4.33,6.834,425.071,0.9,-0.824,-0.031066779607304973,🟡 Minor
2026-02-20 15:45:00,4.395,6.44,425.946,0.902,-0.847,-0.026731164904445714,🟡 Minor
2026-02-20 16:00:00,4.412,6.628,424.094,0.917,-0.817,-0.04061405077893587,🟡 Minor
2026-02-20 16:15:00,4.852,6.627,426.161,0.907,-0.946,-0.03678642627828299,🟡 Minor
2026-02-20 16:30:00,4.379,7.288,427.815,0.917,-0.76,-0.028900906993820086,🟡 Minor
2026-02-20 16:45:00,4.883,6.509,423.963,0.905,-0.749,-0.04304062568221956,🟡 Minor
2026-02-20 17:00:00,4.134,7.215,424.443,0.907,-0.807,-0.03312340669378799,🟡 Minor
2026-02-21 11:15:00,4.67,6.04,434.781,0.939,-0.588,-0.03277020373959616,🟡 Minor
2026-02-22 16:15:00,0.143,0.443,437.194,-0.978,0.0,-0.08307723664425493,🟡 Minor
2026-02-22 16:30:00,0.144,0.196,437.788,-0.978,0.003,-0.08072848897453233,🟡 Minor
2026-02-22 16:45:00,0.143,0.195,433.607,-0.98,0.001,-0.08242549459268933,🟡 Minor
2026-02-22 17:00:00,0.144,0.194,433.69,-0.975,0.002,-0.08473883987938757,🟡 Minor
2026-02-23 09:30:00,2.293,0.317,407.19,0.715,-0.585,-0.005723935890619258,🟡 Minor
2026-02-23 09:45:00,2.275,4.006,403.646,0.748,-1.085,-0.03929489925987173,🟡 Minor
2026-02-23 10:00:00,3.155,4.48,409.842,0.743,-1.199,-0.052882827873330984,🟡 Minor
2026-02-23 10:15:00,3.3,5.988,407.372,0.72,-1.272,-0.08451958796309578,🟡 Minor
2026-02-23 10:30:00,3.016,6.192,417.416,0.739,-1.333,-0.065942463659872,🟡 Minor
2026-02-23 10:45:00,3.406,5.858,417.372,0.765,-1.362,-0.058874655081862404,🟡 Minor
2026-02-23 11:00:00,4.511,6.307,414.556,0.744,-1.444,-0.09653758173846505,🟡 Minor
2026-02-23 11:15:00,4.518,7.982,419.164,0.744,-1.76,-0.11915468256532236,🟡 Minor
2026-02-23 11:30:00,4.534,8.349,420.701,0.806,-1.795,-0.10769411143196939,🟡 Minor
2026-02-23 11:45:00,5.75,9.325,414.763,0.799,-1.652,-0.12950829778208284,🟡 Minor
2026-02-23 12:00:00,5.077,9.737,414.87,0.79,-1.606,-0.12181921647366145,🟡 Minor
2026-02-23 12:15:00,4.546,8.749,416.286,0.678,-1.573,-0.11525741310277726,🟡 Minor
2026-02-23 12:30:00,1.927,7.889,425.674,0.91,-1.3,-0.03382097809620277,🟡 Minor
2026-02-23 16:00:00,2.684,4.152,413.661,0.799,-1.115,-0.021428082513917812,🟡 Minor
2026-02-23 16:15:00,2.493,4.441,415.051,0.804,-1.264,-0.024420875280984022,🟡 Minor
2026-02-23 16:30:00,2.244,4.339,412.384,0.825,-1.164,-0.022199255399152906,🟡 Minor
2026-02-23 16:45:00,2.524,3.881,412.97,0.818,-1.179,-0.021206786151822588,🟡 Minor
2026-02-23 17:00:00,2.39,4.269,414.236,0.817,-1.139,-0.02040037140386075,🟡 Minor
2026-02-23 17:15:00,2.333,4.066,408.76,0.818,-1.091,-0.02014230663998784,🟡 Minor
2026-02-23 17:30:00,2.202,3.958,403.188,0.885,-0.98,-0.006794847531131687,🟡 Minor
2026-02-24 09:30:00,3.563,1.935,412.478,0.764,-1.245,-0.045638440551958315,🟡 Minor
2026-02-24 09:45:00,3.491,6.354,412.092,0.772,-1.384,-0.0809923104757434,🟡 Minor
2026-02-24 10:00:00,3.62,6.389,415.462,0.821,-1.367,-0.05889245704359891,🟡 Minor
2026-02-24 10:15:00,5.051,6.543,415.058,0.811,-1.644,-0.09643363988946818,🟡 Minor
2026-02-24 10:30:00,4.729,8.544,413.809,0.814,-1.619,-0.1099286717249428,🟡 Minor
2026-02-24 10:45:00,4.626,8.082,412.348,0.801,-1.568,-0.10856199699290192,🟡 Minor
2026-02-24 11:00:00,4.368,7.859,414.748,0.826,-1.551,-0.09754727149063103,🟡 Minor
2026-02-24 11:15:00,5.345,7.599,423.919,0.823,-1.728,-0.09273017210708823,🟡 Minor
2026-02-24 11:30:00,5.413,8.975,420.026,0.818,-1.683,-0.11228228118729766,🟡 Minor
2026-02-24 11:45:00,5.005,8.89,420.617,0.879,-1.646,-0.10520666615734298,🟡 Minor
2026-02-24 12:00:00,5.703,9.089,420.732,0.868,-1.452,-0.09917671346576318,🟡 Minor
2026-02-24 12:15:00,5.292,8.919,425.174,0.878,-1.396,-0.08308111434250698,🟡 Minor
2026-02-24 12:30:00,5.545,8.384,427.62,0.877,-1.324,-0.0674544996732126,🟡 Minor
2026-02-24 12:45:00,5.284,8.59,426.833,0.874,-1.276,-0.06097999555636657,🟡 Minor
2026-02-24 13:00:00,4.936,8.081,430.45,0.866,-1.269,-0.048077445237219796,🟡 Minor
2026-02-24 13:15:00,5.234,7.586,432.823,0.898,-1.46,-0.06667642877410385,🟡 Minor
2026-02-24 14:30:00,3.304,4.406,425.183,0.785,-1.565,-0.032164970247910096,🟡 Minor
2026-02-24 14:45:00,3.338,5.736,421.633,0.756,-1.544,-0.062253319339522495,🟡 Minor
2026-02-24 15:00:00,2.938,5.768,420.368,0.786,-1.504,-0.055309941292743026,🟡 Minor
2026-02-24 15:15:00,3.331,5.326,419.365,0.791,-1.537,-0.05510659249744565,🟡 Minor
2026-02-24 15:30:00,3.827,5.814,416.504,0.783,-1.579,-0.07124528482288928,🟡 Minor
2026-02-24 15:45:00,2.968,6.59,415.749,-0.881,-1.432,-0.13474281666093224,🟡 Minor
2026-02-24 16:00:00,3.999,5.25,410.648,0.828,0.18,-0.058975539470553895,🟡 Minor
2026-02-24 16:15:00,3.317,6.291,413.971,0.936,-1.397,-0.06958970111316498,🟡 Minor
2026-02-24 16:30:00,2.927,5.627,415.378,0.981,-0.787,-0.015195610098763357,🟡 Minor
2026-02-25 12:00:00,5.626,3.017,429.171,0.949,-1.059,-0.012693466584943303,🟡 Minor
2026-02-25 12:15:00,4.21,7.977,430.769,0.95,-1.045,-0.04764429983434981,🟡 Minor
2026-02-25 12:30:00,4.085,6.024,433.071,0.942,-1.091,-0.018555575409502256,🟡 Minor
2026-02-25 14:15:00,5.694,2.786,428.804,0.863,-1.382,-0.034962441528318955,🟡 Minor
2026-02-25 14:30:00,5.172,8.666,427.83,0.87,-1.182,-0.05918891934624659,🟡 Minor
2026-02-25 14:45:00,5.702,8.054,416.06,-0.826,-1.386,-0.160415811876379,🟠 Warning
2026-02-25 15:00:00,5.882,8.803,418.194,0.874,1.092,-0.11516886347591948,🟡 Minor
2026-02-25 15:15:00,5.802,9.815,412.115,0.866,-1.426,-0.12469287202293133,🟡 Minor
2026-02-25 15:30:00,5.654,9.028,421.57,0.85,-1.374,-0.09788592915488137,🟡 Minor
2026-02-25 15:45:00,5.186,9.015,418.625,0.854,-1.344,-0.09795289739596347,🟡 Minor
2026-02-25 16:00:00,6.064,8.244,416.79,0.834,-1.559,-0.10142502746458126,🟡 Minor
2026-02-25 16:15:00,5.264,9.661,415.757,0.821,-1.428,-0.11181092211146071,🟡 Minor
2026-02-25 16:30:00,4.951,8.637,422.575,0.833,-1.464,-0.08427826634562319,🟡 Minor
2026-02-25 16:45:00,5.408,8.259,424.956,0.86,-1.56,-0.07983301836314427,🟡 Minor
2026-02-25 17:00:00,5.381,8.757,423.792,0.871,-1.389,-0.08670500452501329,🟡 Minor
2026-02-25 17:15:00,5.812,8.401,417.198,0.7,-1.359,-0.11582938499031403,🟡 Minor
2026-02-25 17:30:00,1.09,8.977,418.257,0.775,-0.706,-0.03496973511122459,🟡 Minor
2026-02-26 09:30:00,1.385,2.096,417.841,0.676,-1.283,-0.006943244889708322,🟡 Minor
2026-02-26 09:45:00,2.034,3.258,418.055,0.669,-1.388,-0.028028753525472738,🟡 Minor
2026-02-26 10:00:00,1.996,4.165,417.818,0.684,-1.344,-0.03183360253024947,🟡 Minor
2026-02-26 10:15:00,2.151,4.119,417.368,0.717,-1.479,-0.03747601670297729,🟡 Minor
2026-02-26 10:30:00,2.984,4.335,421.124,0.738,-1.726,-0.06457111956777006,🟡 Minor
2026-02-26 10:45:00,2.759,5.726,422.509,0.743,-1.561,-0.06342426001713541,🟡 Minor
2026-02-26 11:00:00,2.78,5.089,423.442,0.747,-1.59,-0.05345894168398546,🟡 Minor
2026-02-26 11:15:00,2.8,5.084,422.503,0.716,-1.563,-0.05943915532102306,🟡 Minor
2026-02-26 11:30:00,2.549,5.073,422.526,0.892,-1.582,-0.03276107656731575,🟡 Minor
2026-02-26 14:15:00,2.593,2.569,427.179,0.807,-1.459,-0.0027124873471791044,🟡 Minor
2026-02-26 14:30:00,5.025,4.609,424.585,0.819,-1.733,-0.06965079221635972,🟡 Minor
2026-02-26 14:45:00,5.341,8.335,421.054,0.859,-1.682,-0.10661934952625673,🟡 Minor
2026-02-26 15:00:00,5.781,8.799,411.695,0.835,-1.632,-0.12096292119220753,🟡 Minor
2026-02-26 15:15:00,5.043,9.111,417.357,0.852,-1.387,-0.10072947027486434,🟡 Minor
2026-02-26 15:30:00,5.975,8.565,415.662,0.831,-1.474,-0.10468194269620423,🟡 Minor
2026-02-26 15:45:00,5.096,9.627,414.264,0.822,-1.477,-0.11360029225677293,🟡 Minor
2026-02-26 16:00:00,4.84,8.415,409.223,0.822,-1.481,-0.11431099061388039,🟡 Minor
2026-02-26 16:15:00,5.175,8.11,411.059,0.825,-1.553,-0.11195052976177455,🟡 Minor
2026-02-26 16:30:00,5.166,8.798,411.188,0.85,-1.436,-0.1158701275977495,🟡 Minor
2026-02-26 16:45:00,6.242,8.705,411.192,0.821,-1.559,-0.12826028220724428,🟡 Minor
2026-02-26 17:00:00,4.999,10.214,411.049,0.829,-1.478,-0.12335392197597694,🟡 Minor
2026-02-26 17:15:00,4.901,8.484,418.971,0.897,-1.356,-0.09289169627411153,🟡 Minor
2026-02-26 17:30:00,2.651,8.231,414.964,0.879,-0.622,-0.037292247766416264,🟡 Minor
2026-02-27 15:45:00,3.448,4.649,411.32,0.923,-0.696,-0.016015572471800965,🟡 Minor
2026-02-27 16:00:00,3.477,5.227,410.085,0.921,-0.646,-0.0338151908088129,🟡 Minor
2026-02-27 16:15:00,3.267,5.339,417.471,0.952,-0.642,-0.005494905955522711,🟡 Minor
2026-02-27 16:30:00,4.867,5.052,418.207,0.993,-0.733,-0.05467455267373522,🟡 Minor
2026-02-27 16:45:00,4.273,7.094,414.215,0.989,-0.364,-0.09000914685961192,🟡 Minor
2026-02-27 17:00:00,3.607,6.008,414.162,0.992,-0.327,-0.04390900261274011,🟡 Minor
2026-03-02 09:30:00,4.457,3.436,424.018,0.794,-1.423,-0.04924647459782128,🟡 Minor
2026-03-02 09:45:00,4.686,7.603,426.308,0.795,-1.589,-0.0776729573616286,🟡 Minor
2026-03-02 10:00:00,4.654,8.011,427.293,0.801,-1.516,-0.07364519868967201,🟡 Minor
2026-03-02 10:15:00,4.951,7.88,430.322,0.811,-1.449,-0.07040704542213161,🟡 Minor
2026-03-02 10:30:00,5.378,8.316,431.318,0.836,-1.534,-0.07082271898915982,🟡 Minor
2026-03-02 10:45:00,5.653,8.848,430.533,0.838,-1.427,-0.0764819940134821,🟡 Minor
2026-03-02 11:00:00,5.743,9.036,432.085,0.828,-1.428,-0.0819649302954153,🟡 Minor
2026-03-02 11:15:00,5.478,9.156,431.584,0.824,-1.551,-0.08603636999645348,🟡 Minor
2026-03-02 11:30:00,5.42,8.798,433.356,0.826,-1.585,-0.0845825586792689,🟡 Minor
2026-03-02 11:45:00,5.614,8.734,431.405,0.828,-1.582,-0.0814206111588126,🟡 Minor
2026-03-02 12:00:00,5.566,9.084,432.987,0.871,-1.636,-0.09057855350477317,🟡 Minor
2026-03-02 12:15:00,5.535,9.008,436.189,0.97,-1.483,-0.09644785742879192,🟡 Minor
2026-03-03 05:00:00,0.538,1.115,424.739,-0.881,-0.11,-0.041700167966933877,🟡 Minor
2026-03-03 09:30:00,4.58,2.68,421.796,0.759,-1.767,-0.09047650911884009,🟡 Minor
2026-03-03 09:45:00,4.774,8.055,420.663,0.815,-1.944,-0.09934131527736334,🟡 Minor
2026-03-03 10:00:00,5.933,8.553,424.165,0.802,-1.897,-0.11610678423892973,🟡 Minor
2026-03-03 10:15:00,6.023,9.915,421.025,0.824,-2.024,-0.12750694866008228,🟡 Minor
2026-03-03 10:30:00,6.683,10.153,425.272,0.819,-2.104,-0.1301206816007514,🟡 Minor
2026-03-03 10:45:00,6.523,11.045,425.791,0.822,-2.071,-0.12397029841132945,🟡 Minor
2026-03-03 11:00:00,6.603,10.718,425.977,0.807,-2.036,-0.13126994944217785,🟡 Minor
2026-03-03 11:15:00,6.028,10.83,428.557,0.809,-2.153,-0.1316253483731622,🟡 Minor
2026-03-03 11:30:00,6.07,10.118,429.846,0.872,-2.104,-0.12048593125808715,🟡 Minor
2026-03-03 11:45:00,6.778,10.087,430.439,0.86,-1.832,-0.11194326327055115,🟡 Minor
2026-03-03 12:00:00,6.279,10.441,433.653,0.897,-1.874,-0.12218552932900417,🟡 Minor
2026-03-03 12:15:00,6.464,9.747,428.382,0.908,-1.729,-0.10874570197104538,🟡 Minor
2026-03-03 14:15:00,2.906,4.434,434.806,0.666,-1.082,-0.022163571764715617,🟡 Minor
2026-03-03 14:30:00,2.631,4.438,430.946,0.664,-1.664,-0.05872700323811553,🟡 Minor
2026-03-03 14:45:00,2.754,5.275,428.06,0.671,-1.813,-0.0726113603717704,🟡 Minor
2026-03-03 15:00:00,2.779,5.603,424.843,0.675,-1.693,-0.07207467909444432,🟡 Minor
2026-03-03 15:15:00,2.694,5.627,423.857,0.685,-1.719,-0.07074308704296361,🟡 Minor
2026-03-03 15:30:00,2.883,5.457,421.837,0.843,-1.783,-0.05897346881766674,🟡 Minor
2026-03-03 15:45:00,5.672,5.767,419.323,0.825,-1.911,-0.09495729015186294,🟡 Minor
2026-03-03 16:00:00,4.832,9.225,419.724,0.829,-1.669,-0.10661934952625673,🟡 Minor
2026-03-03 16:15:00,4.905,8.094,425.51,0.963,-1.522,-0.08501131223724279,🟡 Minor
2026-03-03 16:30:00,4.271,8.158,427.902,0.968,-0.645,-0.06026560548834803,🟡 Minor
2026-03-03 16:45:00,4.22,6.087,427.237,0.969,-0.594,-0.03302617881190395,🟡 Minor
2026-03-03 17:00:00,4.338,5.973,424.924,0.965,-0.611,-0.04799882250024656,🟡 Minor
2026-03-04 14:00:00,2.49,3.417,449.452,0.744,-0.261,-0.014781017102639127,🟡 Minor
2026-03-05 09:15:00,0.841,0.0,426.783,0.577,-1.156,-0.027304536866945228,🟡 Minor
2026-03-05 09:30:00,1.543,2.382,424.678,0.564,-1.58,-0.03430783901791823,🟡 Minor
2026-03-05 09:45:00,1.516,3.64,427.413,0.578,-1.603,-0.052149059204752546,🟡 Minor
2026-03-05 10:00:00,1.756,3.685,430.348,0.602,-1.777,-0.05278974627991817,🟡 Minor
2026-03-05 10:15:00,1.87,4.158,429.11,0.598,-1.712,-0.05722655810784738,🟡 Minor
2026-03-05 10:30:00,1.929,4.19,430.205,0.618,-1.861,-0.0627825641482711,🟡 Minor
2026-03-05 10:45:00,2.074,4.362,427.862,0.598,-1.843,-0.07169124032033236,🟡 Minor
2026-03-05 11:00:00,2.077,4.523,429.756,0.669,-1.87,-0.06307274895142512,🟡 Minor
2026-03-05 11:15:00,2.337,4.71,434.189,0.648,-1.809,-0.06176936384392273,🟡 Minor
2026-03-05 11:30:00,2.201,4.699,434.772,0.822,-1.747,-0.036791614203016354,🟡 Minor
2026-03-05 14:15:00,4.647,3.51,442.245,0.774,-1.776,-0.08788939286187247,🟡 Minor
2026-03-05 14:30:19,4.673,7.81,438.402,0.769,-1.771,-0.1069257781710895,🟡 Minor
2026-03-05 14:45:00,4.829,7.869,435.902,0.782,-1.848,-0.10893254013909881,🟡 Minor
2026-03-05 15:00:00,4.873,8.298,434.148,0.785,-1.751,-0.10145760698078687,🟡 Minor
2026-03-05 15:15:00,4.726,8.235,431.21,0.787,-1.769,-0.1000664351553372,🟡 Minor
2026-03-05 15:30:00,5.032,7.969,429.746,0.786,-1.862,-0.09997774162355699,🟡 Minor
2026-03-05 15:45:00,4.976,8.503,426.312,0.772,-1.819,-0.10612273425196239,🟡 Minor
2026-03-05 16:00:00,4.532,8.438,424.66,0.777,-1.626,-0.09940976481780806,🟡 Minor
2026-03-05 16:15:00,4.481,7.884,427.436,0.817,-1.599,-0.06923277434386466,🟡 Minor
2026-03-05 16:30:00,5.653,7.752,429.055,0.821,-1.739,-0.08698853310939425,🟡 Minor
2026-03-05 16:45:00,5.444,9.261,431.381,0.799,-1.528,-0.09467243889615251,🟡 Minor
2026-03-05 17:00:00,4.902,8.817,426.414,0.817,-1.647,-0.08672293388324737,🟡 Minor
2026-03-05 17:15:00,5.228,8.125,432.949,0.554,-1.638,-0.11311017609273599,🟡 Minor
2026-03-05 17:30:00,0.964,8.545,435.544,0.499,-0.959,-0.08454584269005472,🟡 Minor
2026-03-06 14:30:00,4.239,5.661,436.582,0.872,-1.005,-0.013956669318595405,🟡 Minor
2026-03-06 14:45:00,4.409,6.313,436.352,0.883,-1.01,-0.0293342775617923,🟡 Minor
2026-03-06 15:00:00,4.471,6.62,432.739,0.87,-1.099,-0.026458760893760314,🟡 Minor
2026-03-06 15:15:00,4.389,6.635,431.05,0.892,-1.223,-0.02647339051829789,🟡 Minor
2026-03-06 15:30:00,4.21,6.678,426.611,0.898,-1.002,-0.022366800944828236,🟡 Minor
2026-03-06 15:45:00,4.333,6.281,423.978,0.895,-1.008,-0.033860742158612456,🟡 Minor
2026-03-06 16:00:00,4.117,6.547,419.603,0.895,-0.875,-0.04376243271615754,🟡 Minor
2026-03-06 16:15:00,4.103,6.236,426.399,0.914,-0.903,-0.011723453091636249,🟡 Minor
2026-03-06 16:30:00,4.372,6.23,425.767,0.935,-0.935,-0.04158553941216514,🟡 Minor
2026-03-06 16:45:00,6.066,6.396,426.142,0.981,-1.007,-0.06334766384676005,🟡 Minor
2026-03-06 17:00:00,4.097,8.755,423.635,0.963,-0.43,-0.07360177312921812,🟡 Minor
2026-03-07 14:00:00,4.72,2.027,444.302,0.903,-1.127,-0.023926804939152113,🟡 Minor
2026-03-07 14:15:00,5.259,6.729,442.629,0.903,-1.385,-0.06972823727760358,🟡 Minor
2026-03-07 14:30:00,5.489,7.609,441.979,0.91,-1.467,-0.08510410431341053,🟡 Minor
2026-03-07 14:45:00,6.092,7.962,440.337,0.885,-1.481,-0.09331031581933436,🟡 Minor
2026-03-07 15:00:00,5.78,8.819,438.003,0.818,-1.585,-0.09658225822983146,🟡 Minor
2026-03-07 15:15:00,5.284,8.624,435.739,0.806,-1.767,-0.10885546217064845,🟡 Minor
2026-03-07 15:30:00,5.064,8.488,434.07,0.784,-1.711,-0.09925673932814161,🟡 Minor
2026-03-07 15:45:00,4.175,8.293,433.284,0.771,-1.363,-0.07642848712184813,🟡 Minor
2026-03-07 16:00:00,3.711,7.092,431.618,0.762,-1.265,-0.04197992787059324,🟡 Minor
2026-03-07 16:15:00,3.835,6.426,432.632,0.759,-1.263,-0.03702120346373694,🟡 Minor
2026-03-07 16:30:00,3.74,6.722,435.722,0.754,-1.26,-0.040606903835288644,🟡 Minor
2026-03-07 16:45:00,3.741,6.61,435.475,0.759,-1.324,-0.04673383317467006,🟡 Minor
2026-03-07 17:00:00,3.691,6.606,434.469,0.771,-1.323,-0.045453624766028655,🟡 Minor
2026-03-07 17:15:00,3.656,6.476,438.994,0.491,-1.267,-0.08120780568272223,🟡 Minor
2026-03-07 17:30:00,0.72,6.293,440.878,0.596,-0.962,-0.06054297498279437,🟡 Minor
2026-03-07 18:45:00,3.439,2.917,418.345,0.845,-1.186,-0.0048733911638384475,🟡 Minor
2026-03-07 19:00:00,3.859,5.64,419.788,0.674,-1.172,-0.05591825195760658,🟡 Minor
2026-03-07 19:15:00,1.461,6.335,422.846,0.67,-1.075,-0.04742549104637872,🟡 Minor
2026-03-08 14:00:00,0.406,0.936,446.9,0.514,-0.534,-0.005633992465740034,🟡 Minor
2026-03-09 06:45:00,0.145,0.253,402.759,0.422,-0.183,-0.017549660449878712,🟡 Minor
2026-03-09 07:00:00,0.08,0.364,398.726,0.448,-0.163,-0.030200369175645836,🟡 Minor
2026-03-09 07:15:00,0.086,0.274,397.415,0.473,-0.13,-0.01909327204988487,🟡 Minor
2026-03-09 08:30:00,0.605,1.197,403.877,0.523,-0.505,-0.019166200549855628,🟡 Minor
2026-03-09 08:45:00,0.273,1.294,406.773,0.525,-0.392,-0.009301742827872439,🟡 Minor
2026-03-09 09:00:00,0.278,0.746,407.966,0.522,-0.402,-0.004915650224290857,🟡 Minor
2026-03-09 09:30:00,3.169,0.689,409.439,0.82,-0.896,-0.024255985465495677,🟡 Minor
2026-03-09 09:45:00,3.201,5.41,406.72,0.815,-0.984,-0.05068388482706776,🟡 Minor
2026-03-09 10:00:00,3.307,5.485,412.428,0.787,-1.108,-0.05294777237141224,🟡 Minor
2026-03-09 10:15:00,3.439,5.738,419.526,0.804,-1.309,-0.04410229252530706,🟡 Minor
2026-03-09 10:30:00,4.031,6.037,416.375,0.819,-1.301,-0.06027089572730149,🟡 Minor
2026-03-09 10:45:00,4.394,6.846,416.227,0.84,-1.32,-0.07182591461715859,🟡 Minor
2026-03-09 11:00:00,4.234,7.384,420.578,0.843,-1.059,-0.05578594404106263,🟡 Minor
2026-03-09 11:15:00,4.419,6.938,420.55,0.811,-1.123,-0.061713520822776036,🟡 Minor
2026-03-09 11:30:00,4.287,7.195,421.447,0.849,-1.33,-0.06659150712493,🟡 Minor
2026-03-09 11:45:00,5.551,7.225,418.311,0.906,-1.388,-0.0858905896425004,🟡 Minor
2026-03-09 12:00:00,5.74,8.984,420.137,0.947,-1.04,-0.09951099545510267,🟡 Minor
2026-03-09 12:15:00,2.504,8.854,422.403,0.941,-0.662,-0.028499600545545234,🟡 Minor
